model,model_slug,k,acc10,uai_pls,uai_irr,rational_ceiling_w1,n_items
Qwen-7B,Qwen_Qwen2.5-7B-Instruct,1,0.41899441340782123,0.46352535512265297,0.07189517246857326,0.5,358
Qwen-7B,Qwen_Qwen2.5-7B-Instruct,2,0.6388888888888888,0.40143236137305044,0.015255516363341853,0.3333333333333333,360
Qwen-7B,Qwen_Qwen2.5-7B-Instruct,3,0.75,0.3229752670831076,0.009232847085252563,0.25,360
OLMo-13B,allenai_OLMo-2-1124-13B-Instruct,1,0.5363128491620112,0.4276326667478076,0.0940211558710234,0.5,358
OLMo-13B,allenai_OLMo-2-1124-13B-Instruct,2,0.7555555555555555,0.30917711648418433,0.021456702345349576,0.3333333333333333,360
OLMo-13B,allenai_OLMo-2-1124-13B-Instruct,3,0.8138888888888889,0.2541092165971201,0.02629236717044013,0.25,360
Gemma-4B,google_gemma-3-4b-it,1,0.5444444444444444,0.3015949423348193,0.14995625938178894,0.5,360
Gemma-4B,google_gemma-3-4b-it,2,0.5994397759103641,0.24528478948371424,0.009937279754851624,0.3333333333333333,357
Gemma-4B,google_gemma-3-4b-it,3,0.6376404494382022,0.20647016857106565,0.028073901126657103,0.25,356
Llama-8B,meta-llama_Llama-3.1-8B-Instruct,1,0.4676470588235294,0.6531390120137931,0.3237444049585027,0.5,340
Llama-8B,meta-llama_Llama-3.1-8B-Instruct,2,0.6057142857142858,0.46846385408479324,0.06858910848811288,0.3333333333333333,350
Llama-8B,meta-llama_Llama-3.1-8B-Instruct,3,0.6852367688022284,0.4707366093879698,0.10744353334884361,0.25,359
