suite,model,model_slug,uai_mild,uai_standard,uai_strong,n_mild,n_standard,n_strong
external,Qwen-7B,Qwen_Qwen2.5-7B-Instruct,0.19581873994722057,0.27112188236416146,0.46259203217428735,699,699,699
external,OLMo-13B,allenai_OLMo-2-1124-13B-Instruct,0.11150078018058737,0.1584514830707896,0.3627381680397813,700,702,695
external,Gemma-4B,google_gemma-3-4b-it,0.4060562696488192,0.4281142859055632,0.535391581732455,652,650,655
external,Llama-8B,meta-llama_Llama-3.1-8B-Instruct,0.28555244495399434,0.36038305145075294,0.39811354083598866,691,679,665
rag,Qwen-7B,Qwen_Qwen2.5-7B-Instruct,0.11305575390195517,0.19669094055488578,0.29698970821502896,699,699,699
rag,OLMo-13B,allenai_OLMo-2-1124-13B-Instruct,-0.0015608153484344873,0.04681129809660406,0.05306016735573184,698,700,696
rag,Gemma-4B,google_gemma-3-4b-it,-0.017460292420745798,0.005275621140852192,0.03667679678377641,684,684,684
rag,Llama-8B,meta-llama_Llama-3.1-8B-Instruct,0.11722517235629669,0.12202704355778263,0.25033260172224997,691,691,686
history,Qwen-7B,Qwen_Qwen2.5-7B-Instruct,0.45332229407800767,0.37387253170458534,0.5440176639938656,584,586,587
history,OLMo-13B,allenai_OLMo-2-1124-13B-Instruct,0.4042758468814943,0.3154881045576253,1.082958636150722,663,668,667
history,Gemma-4B,google_gemma-3-4b-it,0.6121993315367511,0.5000699933128645,0.7553339764808509,644,642,643
history,Llama-8B,meta-llama_Llama-3.1-8B-Instruct,0.5208209838568916,0.2336779981136119,1.4038614433504297,651,650,644
